{"cameraMode":{"drawMode":0,"name":"Shaded","section":"Shading Mode"},"sceneLighting":true,"audioPlay":false,"sceneViewState":{"m_AlwaysRefresh":false,"showFog":true,"showSkybox":false,"showFlares":true,"showImageEffects":true,"showParticleSystems":true,"showVisualEffectGraphs":true,"m_FxEnabled":true},"in2DMode":false,"pivot":{"x":-0.3123302459716797,"y":16.39096450805664,"z":-0.1099553108215332},"rotation":{"x":0.4057689607143402,"y":-0.061267927289009097,"z":0.028385208919644357,"w":0.911703884601593},"size":15.879781723022461,"orthographic":false}