{"cameraMode":{"drawMode":0,"name":"Shaded","section":"Shading Mode"},"sceneLighting":true,"audioPlay":false,"sceneViewState":{"m_AlwaysRefresh":false,"showFog":true,"showSkybox":true,"showFlares":true,"showImageEffects":true,"showParticleSystems":true,"showVisualEffectGraphs":true,"m_FxEnabled":true},"in2DMode":false,"pivot":{"x":32.415679931640628,"y":0.6216867566108704,"z":87.1388931274414},"rotation":{"x":0.13048753142356873,"y":0.3820665776729584,"z":-0.05309079587459564,"w":0.9135342240333557},"size":1.9333031177520753,"orthographic":true}