{"cameraMode":{"drawMode":0,"name":"Shaded","section":"Shading Mode"},"sceneLighting":true,"audioPlay":false,"sceneViewState":{"m_AlwaysRefresh":false,"showFog":true,"showSkybox":true,"showFlares":true,"showImageEffects":true,"showParticleSystems":true,"showVisualEffectGraphs":true,"m_FxEnabled":true},"in2DMode":false,"pivot":{"x":0.2670649290084839,"y":1.0491034984588624,"z":-0.04790734499692917},"rotation":{"x":0.2510582506656647,"y":0.02917957678437233,"z":-0.006721744779497385,"w":0.9677196741104126},"size":4.568676948547363,"orthographic":true}