{"cameraMode":{"drawMode":0,"name":"Shaded","section":"Shading Mode"},"sceneLighting":true,"audioPlay":false,"sceneViewState":{"m_AlwaysRefresh":false,"showFog":true,"showSkybox":true,"showFlares":true,"showImageEffects":true,"showParticleSystems":true,"showVisualEffectGraphs":true,"m_FxEnabled":true},"in2DMode":false,"pivot":{"x":0.2669825851917267,"y":0.8742185831069946,"z":-0.07135006785392761},"rotation":{"x":0.5361117124557495,"y":-0.010579966008663178,"z":0.006212687585502863,"w":0.8441615700721741},"size":72.06260681152344,"orthographic":true}