{"cameraMode":{"drawMode":0,"name":"Shaded","section":"Shading Mode"},"sceneLighting":true,"audioPlay":false,"sceneViewState":{"m_AlwaysRefresh":false,"showFog":true,"showSkybox":true,"showFlares":true,"showImageEffects":true,"showParticleSystems":true,"showVisualEffectGraphs":true,"m_FxEnabled":true},"in2DMode":false,"pivot":{"x":81.0999984741211,"y":0.06000042334198952,"z":113.0999984741211},"rotation":{"x":0.4057689607143402,"y":-0.061267927289009097,"z":0.028385208919644357,"w":0.911703884601593},"size":39.756629943847659,"orthographic":false}