{"cameraMode":{"drawMode":0,"name":"Shaded","section":"Shading Mode"},"sceneLighting":true,"audioPlay":false,"sceneViewState":{"m_AlwaysRefresh":false,"showFog":true,"showSkybox":true,"showFlares":true,"showImageEffects":true,"showParticleSystems":true,"showVisualEffectGraphs":true,"m_FxEnabled":true},"in2DMode":false,"pivot":{"x":67.3440170288086,"y":-1495.6375732421875,"z":-8.465728759765625},"rotation":{"x":-0.00012245523976162076,"y":-0.9989913702011108,"z":0.04681197181344032,"w":0.015250268392264843},"size":129.33912658691407,"orthographic":true}