{"cameraMode":{"drawMode":0,"name":"Shaded","section":"Shading Mode"},"sceneLighting":true,"audioPlay":false,"sceneViewState":{"m_AlwaysRefresh":false,"showFog":true,"showSkybox":true,"showFlares":true,"showImageEffects":true,"showParticleSystems":true,"showVisualEffectGraphs":true,"m_FxEnabled":true},"in2DMode":false,"pivot":{"x":-3.3234403133392336,"y":13.126232147216797,"z":-14.934945106506348},"rotation":{"x":-0.37868061661720278,"y":0.04520028457045555,"z":-0.018580053001642228,"w":-0.9243717193603516},"size":10.539698600769043,"orthographic":true}