{"cameraMode":{"drawMode":0,"name":"Shaded","section":"Shading Mode"},"sceneLighting":true,"audioPlay":false,"sceneViewState":{"m_AlwaysRefresh":false,"showFog":true,"showSkybox":true,"showFlares":true,"showImageEffects":true,"showParticleSystems":true,"showVisualEffectGraphs":true,"m_FxEnabled":true},"in2DMode":false,"pivot":{"x":-0.5365535616874695,"y":0.6364412903785706,"z":16.450468063354493},"rotation":{"x":0.12600642442703248,"y":0.013476512394845486,"z":-0.00031645302078686655,"w":0.9921156764030457},"size":3.5311942100524904,"orthographic":true}