{"cameraMode":{"drawMode":0,"name":"Shaded","section":"Shading Mode"},"sceneLighting":true,"audioPlay":false,"sceneViewState":{"m_AlwaysRefresh":false,"showFog":true,"showSkybox":true,"showFlares":true,"showImageEffects":true,"showParticleSystems":true,"showVisualEffectGraphs":true,"m_FxEnabled":true},"in2DMode":false,"pivot":{"x":-12.151214599609375,"y":25.86834716796875,"z":10.005279541015625},"rotation":{"x":0.29144328832626345,"y":-0.45379745960235598,"z":0.16090205311775208,"w":0.8268358707427979},"size":81.87284088134766,"orthographic":false}