{"cameraMode":{"drawMode":0,"name":"Shaded","section":"Shading Mode"},"sceneLighting":true,"audioPlay":false,"sceneViewState":{"m_AlwaysRefresh":false,"showFog":true,"showSkybox":true,"showFlares":true,"showImageEffects":true,"showParticleSystems":true,"showVisualEffectGraphs":true,"m_FxEnabled":true},"in2DMode":false,"pivot":{"x":2.755453586578369,"y":1.0543252229690552,"z":37.394222259521487},"rotation":{"x":-0.023823902010917665,"y":-0.974349856376648,"z":0.19264647364616395,"w":-0.11559934169054032},"size":42.906253814697269,"orthographic":true}