{"cameraMode":{"drawMode":0,"name":"Shaded","section":"Shading Mode"},"sceneLighting":true,"audioPlay":false,"sceneViewState":{"m_AlwaysRefresh":false,"showFog":true,"showSkybox":true,"showFlares":true,"showImageEffects":true,"showParticleSystems":true,"showVisualEffectGraphs":true,"m_FxEnabled":true},"in2DMode":false,"pivot":{"x":0.2669825851917267,"y":0.8742185831069946,"z":-0.07135006785392761},"rotation":{"x":0.1643071323633194,"y":0.35613304376602175,"z":-0.0641852393746376,"w":0.9177287220954895},"size":13.422338485717774,"orthographic":true}