{"cameraMode":{"drawMode":0,"name":"Shaded","section":"Shading Mode"},"sceneLighting":true,"audioPlay":false,"sceneViewState":{"m_AlwaysRefresh":false,"showFog":true,"showSkybox":true,"showFlares":true,"showImageEffects":true,"showParticleSystems":true,"showVisualEffectGraphs":true,"m_FxEnabled":true},"in2DMode":false,"pivot":{"x":66.78235626220703,"y":2.756883144378662,"z":79.34613037109375},"rotation":{"x":-0.2670546770095825,"y":-0.016683591529726983,"z":0.0035373573191463949,"w":-0.9637017846107483},"size":57.431217193603519,"orthographic":true}