{"cameraMode":{"drawMode":0,"name":"Shaded","section":"Shading Mode"},"sceneLighting":true,"audioPlay":false,"sceneViewState":{"m_AlwaysRefresh":false,"showFog":true,"showSkybox":true,"showFlares":true,"showImageEffects":true,"showParticleSystems":true,"showVisualEffectGraphs":true,"m_FxEnabled":true},"in2DMode":false,"pivot":{"x":66.78235626220703,"y":2.756883144378662,"z":79.34613037109375},"rotation":{"x":-0.3763715922832489,"y":0.0018641256028786302,"z":-0.0020509730093181135,"w":-0.9266476631164551},"size":80.06719207763672,"orthographic":true}