{"cameraMode":{"drawMode":0,"name":"Shaded","section":"Shading Mode"},"sceneLighting":true,"audioPlay":false,"sceneViewState":{"m_AlwaysRefresh":false,"showFog":true,"showSkybox":true,"showFlares":true,"showImageEffects":true,"showParticleSystems":true,"showVisualEffectGraphs":true,"m_FxEnabled":true},"in2DMode":false,"pivot":{"x":0.6868448257446289,"y":25.920001983642579,"z":-14.344408988952637},"rotation":{"x":-0.005163976922631264,"y":0.9813457131385803,"z":-0.19107450544834138,"w":-0.024405641481280328},"size":3.6069395542144777,"orthographic":true}