{"cameraMode":{"drawMode":0,"name":"Shaded","section":"Shading Mode"},"sceneLighting":true,"audioPlay":false,"sceneViewState":{"m_AlwaysRefresh":false,"showFog":true,"showSkybox":true,"showFlares":true,"showImageEffects":true,"showParticleSystems":true,"showVisualEffectGraphs":true,"m_FxEnabled":true},"in2DMode":false,"pivot":{"x":94.81295013427735,"y":28.578998565673829,"z":37.45820236206055},"rotation":{"x":0.06695188581943512,"y":0.7304233908653259,"z":-0.07112675160169602,"w":0.6762838959693909},"size":11.347548484802246,"orthographic":false}