{"cameraMode":{"drawMode":0,"name":"Shaded","section":"Shading Mode"},"sceneLighting":true,"audioPlay":false,"sceneViewState":{"m_AlwaysRefresh":false,"showFog":true,"showSkybox":true,"showFlares":true,"showImageEffects":true,"showParticleSystems":true,"showVisualEffectGraphs":true,"m_FxEnabled":true},"in2DMode":false,"pivot":{"x":84.24559783935547,"y":0.8402413725852966,"z":39.622718811035159},"rotation":{"x":0.08927571028470993,"y":0.1548125147819519,"z":-0.012980296276509762,"w":0.9840257167816162},"size":1.505417823791504,"orthographic":false}