{"cameraMode":{"drawMode":0,"name":"Shaded","section":"Shading Mode"},"sceneLighting":false,"audioPlay":false,"sceneViewState":{"m_AlwaysRefresh":false,"showFog":true,"showSkybox":false,"showFlares":true,"showImageEffects":true,"showParticleSystems":true,"showVisualEffectGraphs":true,"m_FxEnabled":true},"in2DMode":false,"pivot":{"x":-3.5699996948242189,"y":3.2900002002716066,"z":8.710000038146973},"rotation":{"x":-0.00012245523976162076,"y":-0.9989913702011108,"z":0.04681197181344032,"w":0.015250268392264843},"size":14.757074356079102,"orthographic":true}