{"cameraMode":{"drawMode":0,"name":"Shaded","section":"Shading Mode"},"sceneLighting":false,"audioPlay":false,"sceneViewState":{"m_AlwaysRefresh":false,"showFog":true,"showSkybox":false,"showFlares":true,"showImageEffects":true,"showParticleSystems":true,"showVisualEffectGraphs":true,"m_FxEnabled":true},"in2DMode":false,"pivot":{"x":1.341104507446289e-7,"y":0.49876463413238528,"z":3.91155481338501e-8},"rotation":{"x":-0.2901201546192169,"y":-0.010831567458808422,"z":0.0022933229338377716,"w":-0.9570938944816589},"size":0.3766154646873474,"orthographic":true}