{"cameraMode":{"drawMode":0,"name":"Shaded","section":"Shading Mode"},"sceneLighting":false,"audioPlay":false,"sceneViewState":{"m_AlwaysRefresh":false,"showFog":true,"showSkybox":false,"showFlares":true,"showImageEffects":true,"showParticleSystems":true,"showVisualEffectGraphs":true,"m_FxEnabled":true},"in2DMode":false,"pivot":{"x":-4.842877388000488e-8,"y":0.6011365652084351,"z":0.20786552131175996},"rotation":{"x":0.04095979407429695,"y":0.942683756351471,"z":-0.12073592096567154,"w":0.30896326899528506},"size":1.3805334568023682,"orthographic":true}