{"cameraMode":{"drawMode":0,"name":"Shaded","section":"Shading Mode"},"sceneLighting":true,"audioPlay":false,"sceneViewState":{"m_AlwaysRefresh":false,"showFog":true,"showSkybox":false,"showFlares":true,"showImageEffects":true,"showParticleSystems":true,"showVisualEffectGraphs":true,"m_FxEnabled":true},"in2DMode":false,"pivot":{"x":-0.6999998688697815,"y":-1.0708303451538087,"z":-0.9099999666213989},"rotation":{"x":-0.21199145913124085,"y":-0.6525691747665405,"z":0.19598890841007234,"w":-0.7008693218231201},"size":1.7189257144927979,"orthographic":false}