{"cameraMode":{"drawMode":0,"name":"Shaded","section":"Shading Mode"},"sceneLighting":false,"audioPlay":false,"sceneViewState":{"m_AlwaysRefresh":false,"showFog":true,"showSkybox":false,"showFlares":true,"showImageEffects":true,"showParticleSystems":true,"showVisualEffectGraphs":true,"m_FxEnabled":true},"in2DMode":false,"pivot":{"x":0.2765970826148987,"y":2.9802322387695315e-8,"z":1.446875810623169},"rotation":{"x":0.08468978106975556,"y":0.7913252115249634,"z":-0.11070895195007324,"w":0.5956104397773743},"size":3.7314300537109377,"orthographic":true}