{"cameraMode":{"drawMode":0,"name":"Shaded","section":"Shading Mode"},"sceneLighting":false,"audioPlay":false,"sceneViewState":{"m_AlwaysRefresh":false,"showFog":true,"showSkybox":false,"showFlares":true,"showImageEffects":true,"showParticleSystems":true,"showVisualEffectGraphs":true,"m_FxEnabled":true},"in2DMode":false,"pivot":{"x":0.17703638970851899,"y":0.2215644121170044,"z":-0.13067716360092164},"rotation":{"x":-0.00012245523976162076,"y":-0.9989913702011108,"z":0.04681197181344032,"w":0.015250268392264843},"size":0.2678523361682892,"orthographic":true}