{"cameraMode":{"drawMode":0,"name":"Shaded","section":"Shading Mode"},"sceneLighting":true,"audioPlay":false,"sceneViewState":{"m_AlwaysRefresh":false,"showFog":true,"showSkybox":false,"showFlares":true,"showImageEffects":true,"showParticleSystems":true,"showVisualEffectGraphs":true,"m_FxEnabled":true},"in2DMode":false,"pivot":{"x":-0.32172632217407229,"y":31.100000381469728,"z":4.762642860412598},"rotation":{"x":0.014493570663034916,"y":-0.9050406217575073,"z":0.42425012588500979,"w":0.03321072459220886},"size":4.429046154022217,"orthographic":true}