{"cameraMode":{"drawMode":0,"name":"Shaded","section":"Shading Mode"},"sceneLighting":false,"audioPlay":false,"sceneViewState":{"m_AlwaysRefresh":false,"showFog":true,"showSkybox":false,"showFlares":true,"showImageEffects":true,"showParticleSystems":true,"showVisualEffectGraphs":true,"m_FxEnabled":true},"in2DMode":false,"pivot":{"x":0.52945876121521,"y":0.05175701901316643,"z":-1.453371524810791},"rotation":{"x":-0.053494859486818317,"y":0.9433161020278931,"z":-0.26899877190589907,"w":-0.18721513450145722},"size":1.7880487442016602,"orthographic":false}