{"cameraMode":{"drawMode":0,"name":"Shaded","section":"Shading Mode"},"sceneLighting":false,"audioPlay":false,"sceneViewState":{"m_AlwaysRefresh":false,"showFog":true,"showSkybox":false,"showFlares":true,"showImageEffects":true,"showParticleSystems":true,"showVisualEffectGraphs":true,"m_FxEnabled":true},"in2DMode":false,"pivot":{"x":0.3419210910797119,"y":0.08505183458328247,"z":-1.526929259300232},"rotation":{"x":-0.02139894664287567,"y":0.9731560945510864,"z":-0.20620019733905793,"w":-0.10051970928907395},"size":5.988049507141113,"orthographic":false}