{"cameraMode":{"drawMode":0,"name":"Shaded","section":"Shading Mode"},"sceneLighting":false,"audioPlay":false,"sceneViewState":{"m_AlwaysRefresh":false,"showFog":true,"showSkybox":false,"showFlares":true,"showImageEffects":true,"showParticleSystems":true,"showVisualEffectGraphs":true,"m_FxEnabled":true},"in2DMode":false,"pivot":{"x":0.2704871594905853,"y":1.423252820968628,"z":-1.5203591585159302},"rotation":{"x":-0.00024907029001042247,"y":0.9981460571289063,"z":-0.061774011701345447,"w":-0.002435377798974514},"size":0.8343886733055115,"orthographic":false}