{"cameraMode":{"drawMode":0,"name":"Shaded","section":"Shading Mode"},"sceneLighting":false,"audioPlay":false,"sceneViewState":{"m_AlwaysRefresh":false,"showFog":true,"showSkybox":false,"showFlares":true,"showImageEffects":true,"showParticleSystems":true,"showVisualEffectGraphs":true,"m_FxEnabled":true},"in2DMode":false,"pivot":{"x":0.2669825851917267,"y":0.8342186212539673,"z":-1.5052016973495484},"rotation":{"x":0.0036726517137140037,"y":0.9923242330551148,"z":-0.11996746808290482,"w":0.030952390283346177},"size":1.3785967826843262,"orthographic":false}