{"cameraMode":{"drawMode":0,"name":"Shaded","section":"Shading Mode"},"sceneLighting":false,"audioPlay":false,"sceneViewState":{"m_AlwaysRefresh":false,"showFog":true,"showSkybox":false,"showFlares":true,"showImageEffects":true,"showParticleSystems":true,"showVisualEffectGraphs":true,"m_FxEnabled":true},"in2DMode":false,"pivot":{"x":0.05923575162887573,"y":0.7132006883621216,"z":0.01611316204071045},"rotation":{"x":-0.16754566133022309,"y":-0.0006772153428755701,"z":-0.0008270276011899114,"w":-0.9860270023345947},"size":1.1676669120788575,"orthographic":true}