{"cameraMode":{"drawMode":0,"name":"Shaded","section":"Shading Mode"},"sceneLighting":false,"audioPlay":false,"sceneViewState":{"m_AlwaysRefresh":false,"showFog":true,"showSkybox":false,"showFlares":true,"showImageEffects":true,"showParticleSystems":true,"showVisualEffectGraphs":true,"m_FxEnabled":true},"in2DMode":false,"pivot":{"x":32.952232360839847,"y":-0.014754533767700196,"z":70.68842315673828},"rotation":{"x":0.13048753142356873,"y":0.3820665776729584,"z":-0.05309079587459564,"w":0.9135342240333557},"size":1.2992606163024903,"orthographic":true}