{"cameraMode":{"drawMode":0,"name":"Shaded","section":"Shading Mode"},"sceneLighting":false,"audioPlay":false,"sceneViewState":{"m_AlwaysRefresh":false,"showFog":true,"showSkybox":false,"showFlares":true,"showImageEffects":true,"showParticleSystems":true,"showVisualEffectGraphs":true,"m_FxEnabled":true},"in2DMode":false,"pivot":{"x":4.699999809265137,"y":25.49909210205078,"z":-17.25078010559082},"rotation":{"x":0.14527812600135804,"y":0.018983453512191774,"z":-0.0030420576222240927,"w":0.9893091320991516},"size":33.560359954833987,"orthographic":true}